{"cameraMode":{"drawMode":0,"name":"Shaded","section":"Shading Mode"},"sceneLighting":true,"audioPlay":false,"sceneViewState":{"m_AlwaysRefresh":false,"showFog":true,"showSkybox":true,"showFlares":true,"showImageEffects":true,"showParticleSystems":true,"showVisualEffectGraphs":true,"m_FxEnabled":true},"in2DMode":false,"pivot":{"x":345.6225280761719,"y":512.1600952148438,"z":102.34947204589844},"rotation":{"x":-0.00697140209376812,"y":0.9287348985671997,"z":0.017246009781956674,"w":0.37061625719070437},"size":264.37994384765627,"orthographic":false}